Actual,Predicted
-0.1796568066010241,-0.17816733051939018
-0.2177354042760052,-0.21646606486351913
-0.218092527338466,-0.2220913564222999
-0.248031781627658,-0.24803178162765682
-0.247774088614836,-0.24777386337835772
-0.2205739120073782,-0.21999862565750217
-0.248031781627658,-0.24803178162765682
-0.2441472011617982,-0.2441112691971703
-0.091234885584099,-0.0714723906703903
-0.2379061760863627,-0.2381214366747313
-0.1352045401105342,-0.13663980100154938
-0.245954919265807,-0.2459521203503534
-0.2478921716113039,-0.247892696553342
-0.2293360346232339,-0.23149178162191866
-0.2417385270622101,-0.2436957966143352
-0.248031781627658,-0.24803178162765682
-0.2477339418042147,-0.2477355122271794
-0.248031781627658,-0.24803178162765682
-0.2466449734902017,-0.24653146005930118
-0.248031781627658,-0.24803178162765682
-0.2477465692899322,-0.24774564076103153
-0.2474128605940664,-0.2471697041573452
-0.248031781627658,-0.24803178162765682
-0.2473421674274926,-0.24734022862103175
0.6640900898843165,0.5994827455637747
-0.1387008952487863,-0.14019226432879273
-0.2162578012559874,-0.21028636578301957
-0.2478343332287748,-0.24783271254133654
-0.0916248241221627,-0.07413765139319946
-0.0160281975101299,-0.014878338279382586
-0.2467604488582788,-0.24676166363034263
-0.2463154868322895,-0.2463178276293208
-0.248031781627658,-0.24803178162765682
-0.0210878641918434,-0.04286937680691227
-0.2431530132259377,-0.24195424150246927
-0.2452584453695728,-0.24522743090908908
-0.1462903728070891,-0.15378589328534037
3.223552328858758,3.4196132521281744
-0.2272285901968729,0.2525886712679955
-0.2469581383781708,-0.246956631878632
-0.246836083785135,-0.24683517683822565
-0.1715789084891305,-0.1742655989399134
-0.2463731497306164,-0.24680738887747009
0.0690801150829693,0.11377698778105623
-0.0023717767056189,-0.018465737629232763
-0.2206912170095722,-0.2208171494654022
-0.1358993262226298,0.00276925959651319
-0.1528273624752371,-0.15866537021402463
-0.2480060039116783,-0.24800574164295663
-0.2436871956055731,-0.23814597100791032
-0.248031781627658,-0.24803178162765682
-0.2478984469922458,-0.24789833676077072
0.0855801588060281,0.11001954634360557
-0.1874671256379385,-0.19740670632392238
-0.2372439749089815,-0.24137364361029257
-0.1412462655897682,-0.17867720993009362
-0.2457905093620926,-0.2453935838382532
-0.2266879810269373,-0.23059583898229138
-0.247262785942219,-0.24726254071864986
-0.2419527905983964,-0.24029633557834373
-0.2473898991088366,-0.24739076852873765
-0.172224515876617,-0.194238823649628
-0.2354627280912376,-0.2328446079262022
-0.2479511353165612,-0.24795085684259405
0.1704419307688275,0.03545594014003517
-0.1586290776888088,-0.1481570035935177
-0.2479675023233211,-0.24796699384991178
1.1262538858847542,1.0009806014572833
-0.2434681576764313,-0.2429709582678495
-0.2476997448192062,-0.2476993001845889
-0.1477012743643904,-0.14454635580777037
-0.2459745338948068,-0.24544178698003516
-0.2438608713494122,-0.24098875729109812
-0.2409115347678167,-0.23449258684876517
-0.2477366896068308,-0.24773659870097808
-0.2463634809870062,-0.24431897457636997
-0.2328582294119223,-0.21687388498483406
-0.2458385633978453,-0.24484633685606816
-0.2459456135980086,-0.24481649422083432
0.1711716800047377,0.14413147389823355
-0.2475458927084507,-0.24754417870378947
-0.247880548068557,-0.24788116932361107
-0.2466092614444147,-0.2466091884472474
-0.2480239581917864,-0.24802376822128022
-0.248031781627658,-0.24803178162765682
-0.2476203107006949,-0.24762007757181081
0.6443812267625021,0.6576891940724701
-0.2475877598128645,-0.2475885638148062
-0.1993766015713556,-0.1961117466105636
-0.2459538716841603,-0.24594230381859947
-0.248031781627658,-0.24803178162765682
-0.1473134544171182,-0.140206547174083
-0.2476993462127572,-0.24769727146491619
-0.2445711297181974,-0.2430519122985941
-0.2395572102303829,-0.2133380064507919
0.6886215325272129,0.7154510990230892
-0.2479077529379129,-0.24790859889818972
-0.1158726989216617,-0.11505653302451264
-0.248031781627658,-0.24803178162765682
-0.0243499730611543,-0.13159092296507652
-0.1485176693845652,-0.1520775569350665
-0.2463765147855504,-0.24635904777233233
-0.248031781627658,-0.24803178162765682
-0.248031781627658,-0.24803178162765682
-0.2472937694964126,-0.24694980220947615
-0.248031781627658,-0.24803178162765682
-0.2449003944407649,-0.24489646635652332
-0.2401831831208683,-0.2396463417707791
-0.248031781627658,-0.24803178162765682
1.1663381953265686,1.2033018216169074
-0.1817851649382501,-0.1828245465515814
-0.2479436263740446,-0.24794274822464335
-0.2172325612898454,-0.21733013545466798
-0.2393787809428189,-0.23797989886334306
-0.1771162694108516,-0.17503980747355988
-0.2479690911948413,-0.24796976994842482
-0.2477021094376728,-0.2477015061264694
-0.1013963794595582,0.00033663808020635235
-0.2468456222169063,-0.24684520285567987
2.8371025397191656,4.422512081763852
-0.2456527093261843,-0.24565874583986222
0.6295415596989989,0.6519320738363318
-0.2289870049786068,-0.234732777561421
-0.2443521270238719,-0.24429483671276767
-0.248031781627658,-0.24803178162765682
-0.2010045683846388,-0.20691658319600795
0.0638821165455323,0.06591591697890292
-0.2458830804661093,-0.24588111327781345
-0.2460831171423922,-0.2460746327287665
-0.248031781627658,-0.24803178162765682
-0.1197529673576649,-0.13216959211217633
-0.1591282174560216,-0.1592345319326788
-0.2472547376648814,-0.24723930563961577
-0.2479276895447693,-0.24792710144406527
-0.2476979505058335,-0.24769856961071718
0.0877557282127078,0.06702781248422628
-0.2012749367311696,-0.2206234328161781
-0.2471447891125056,-0.24714175842164607
-0.248031781627658,-0.24803178162765682
-0.2478870000229686,-0.24788711956571347
-0.2400060147251627,-0.24140668125587095
-0.248031781627658,-0.24803178162765682
-0.2458676200823363,-0.24585222058902936
-0.2467498306322502,-0.2467479191166647
-0.2427696632690395,-0.24268413379649356
-0.1322264866162349,-0.1297975647691868
2.737660996818556,3.0336091934436924
0.2924113401996626,0.3592803364424582
-0.0418435859241847,0.016220949287090294
-0.2469064276711174,-0.24690391518722302
-0.2479728782564532,-0.2479715909302873
-0.248031781627658,-0.24803178162765682
-0.2475518758606926,-0.24759198684829792
-0.2475615484334516,-0.24756287846574804
-0.2304553966577495,-0.2341767674205263
-0.2474712781191902,-0.24747116666485067
0.5130655809045178,0.5434349059013642
-0.0112775108770733,0.03249424814844508
-0.0600332021384124,-0.04991906017545383
-0.2473510930857029,-0.24735153905067492
-0.2391536823420524,-0.23957170688119148
-0.248031781627658,-0.24803178162765682
0.3325175367570007,0.2122362885123858
-0.2256858430367463,-0.224865106164358
-0.2454173847939879,-0.24484303528154974
-0.0900353641914691,-0.04995176400085489
-0.245545132007432,-0.24552515018341547
-0.2421459196203957,-0.2398223919080923
-0.2480130641875859,-0.2478862395585621
-0.2464856441220437,-0.24648680517635588
-0.248031781627658,-0.24803178162765682
-0.246552672272357,-0.2465550835971831
0.4774816395102829,0.6067664428784706
-0.2225702827459336,-0.22771535737774393
-0.2465733559970966,-0.24656196032424404
-0.2473405230704707,-0.24733909958664743
-0.189682435629285,-0.19791963779712085
-0.248031781627658,-0.24803178162765682
1.7813030952706193,2.0502837350512766
-0.2414421100949053,-0.24220877780470318
-0.1573022945302869,-0.16156814050901525
-0.2472715487898565,-0.24721592023718292
-0.210144371718867,-0.19307407930761541
-0.248031781627658,-0.24803178162765685
0.2462348713995842,0.19729336949900642
-0.248031781627658,-0.24803178162765682
-0.2442122004021173,-0.2441282443646582
-0.1132524658364635,-0.10860954575102673
-0.1270497705175283,-0.09519115931936577
-0.1965146081619314,-0.19943272967989384
-0.2458693724117313,-0.245862159407272
-0.243518857279071,-0.24343538165435558
0.191082290969628,0.15778660073496664
-0.2467915757883587,-0.24679164989768748
-0.248031781627658,-0.24803178162765682
-0.2476614925238455,-0.24766052352844337
-0.2463724605348704,-0.24636994960212472
0.3306671820187328,0.3389851816171727
1.7933183028992783,1.7594175310169557
-0.2467267603357763,-0.24672846711677576
-0.2471638968594142,-0.24726840270713152
-0.2473776135339292,-0.2473762292251217
-0.2460364653222254,-0.24603524725808792
-0.1782196829402934,-0.16971789754508088
1.2486194945252884,1.1907655285291474
0.0055689214214465,0.03608172247752102
-0.248031781627658,-0.24803178162765682
-0.2465991889510556,-0.24659044816412273
-0.2479671726372409,-0.2479667018944094
-0.2478965764957428,-0.24789745160509383
-0.2436821425536686,-0.24354987979755374
-0.248031781627658,-0.2480317576634902
-0.2245593272727437,-0.21938140886060623
-0.2479981756892025,-0.2479980636061825
-0.2472904054924558,-0.24747798500945786
-0.1997617024511436,-0.19247279170622433
-0.2314746615561193,-0.23258213468604744
-0.248031781627658,-0.24803178162765682
-0.248031781627658,-0.24803178162765682
1.3516759684158597,1.42076768422932
-0.248031781627658,-0.24803178162765685
-0.2464092700609451,-0.246405521506175
-0.2426148391521577,-0.243435614821811
1.3496595185167708,1.471940018955743
-0.231670562671036,-0.22491177552313726
11.885617685663089,8.772136632959516
-0.2017001242697489,-0.06263742201508349
-0.245193423490691,-0.24519719475509352
-0.2410418050895217,-0.24689180974477182
-0.2351489964247376,-0.2362098312923084
-0.2471404239190495,-0.24714083439150683
-0.2477760024649274,-0.24777525924668503
1.3008753982006551,1.398958666472951
0.3017866424810591,0.30056820559578357
-0.248031781627658,-0.24803178162765682
-0.240875538628751,-0.22987063711197453
-0.0628006259472342,-0.05451015327119559
-0.1848278417886438,-0.17625885964790666
-0.239596650228279,-0.2390756803997489
0.1894487681766087,0.20439919151678201
-0.0619867548679758,-0.12111705432901526
-0.2474721414040457,-0.24747132080578982
-0.248031781627658,-0.24803178162765682
-0.2091502012071438,-0.205828124889266
-0.2423602762772246,-0.24181179402896313
0.2903422325711087,0.31546972022457326
-0.2436010596594662,-0.24283376913667676
-0.248031781627658,-0.24803178162765682
-0.2379404015872666,-0.23842046724402688
-0.2476218089785534,-0.2476213475753271
-0.248031781627658,-0.24803178162765682
-0.2475209166313575,-0.24751996285316544
2.322253987402985,2.3373824994640318
-0.0844666062707439,0.0134910804108871
-0.2472716109748376,-0.24727278373048794
-0.248031781627658,-0.24803178162765682
-0.212845289895375,-0.21573896797814482
-0.246177102274306,-0.24615699684380893
-0.248031781627658,-0.24803178162765682
-0.2477884568742341,-0.24776682359590033
-0.2469997680065646,-0.24700056868899106
-0.2479895362193223,-0.24798936410416034
-0.248031781627658,-0.24803178162765685
-0.2405334974494384,-0.1660527274440701
-0.2328269490449304,-0.23918240946431543
-0.2272697669868446,-0.23154716885512816
-0.2477005455934944,-0.24769967627657338
-0.2478747792925105,-0.24787488939573407
-0.2466844796286315,-0.24667534166108027
-0.2480310036422897,-0.24803178162765682
-0.2474932327074535,-0.24749431257381585
-0.1466262087219576,-0.12438865955844253
-0.247273897226783,-0.2472743704718679
-0.2470443877103201,-0.24732094419510417
-0.1621745030700054,-0.15439422903983707
-0.2416421906723961,-0.2422954406002766
-0.2467383297015163,-0.24674402640834792
-0.2432290286083739,-0.22617146013237283
-0.1067470943233753,-0.11355518822660043
-0.1615070891381677,-0.15650041715307036
6.606593021234516,6.317543065346017
-0.248031781627658,-0.24803178162765682
-0.1668522796283372,-0.17638563572892743
-0.2421407050731558,-0.24203164411419884
0.2760903019392512,0.34567942442564414
-0.2478556086989661,-0.24785701632232532
-0.2149738009346558,-0.21552656132667852
-0.2475387765518921,-0.2463494887097509
0.5126376132428665,0.5254541587990128
-0.248031781627658,-0.24803178162765682
0.3348738184589592,0.589378360814794
-0.1403757088348659,-0.13423478326717742
-0.2474101767378037,-0.24741043979487676
-0.1979250342665549,-0.1902472818808893
-0.2462263753468134,-0.24619605282711504
-0.2474162966550796,-0.2474168999830115
-0.0602220274125111,-0.05432671797015102
-0.2474504502265573,-0.24745042601741696
-0.2438539270713785,-0.24365839007742895
-0.248031781627658,-0.24803178162765682
-0.248031781627658,-0.24803178162765682
17.403939851739676,2.162453709515381
0.414184766791408,0.5267543209229056
-0.2378753127160528,-0.23488261988681317
1.286598996292082,1.509298280744948
-0.2438051533937687,-0.24299911836443694
-0.2478472570591617,-0.24784714866384605
-0.2476588396835423,-0.24765602841760817
-0.2478866431566073,-0.2478866865863237
-0.248031781627658,-0.24803178162765682
-0.2471364103700448,-0.24713554682840846
-0.2465273026113019,-0.246525156525391
-0.1878896258476561,-0.1940718581876049
-0.2471537698515006,-0.2469305536560689
-0.1072323630445094,-0.10354415828349271
0.1495477477732276,0.1383506011433079
-0.2461307064992217,-0.24609552415516073
-0.2326351240272264,-0.17522757984689405
-0.2472681389005054,-0.2472681717412408
-0.2242650173272348,-0.230413220470367
-0.2477138182022528,-0.24222581296631288
-0.2475371471884283,-0.24753074958204876
-0.248031781627658,-0.24803178162765682
-0.2476275623450639,-0.24762621525832465
-0.2354926080672542,-0.23306728310449315
-0.2476820076476888,-0.24766275647446348
5.170756938140864,5.171390166494552
-0.1851036684265808,-0.10777383716865614
-0.2411415977319598,-0.23896912060336736
-0.2471550739148269,-0.24715687336860906
-0.2474005433491048,-0.24739541514435456
-0.248031781627658,-0.24803178162765682
-0.2475928294253463,-0.24759195098876385
-0.2473031312022545,-0.24727874407743783
-0.1606434305848344,-0.1750460681909186
-0.1734588529018692,-0.15825978102479638
-0.248031781627658,-0.24803178162765682
0.0579383423998818,0.048423739299587494
-0.2426944235142206,-0.242838916044989
-0.248031781627658,-0.24803178162765682
-0.248031781627658,-0.24803178162765685
-0.2471046130446106,-0.2471052751986858
-0.2477108114695891,-0.24770697728827437
-0.2476352015894542,-0.2476335830610768
-0.2461706951978958,-0.24616498951926843
-0.2474514380464331,-0.24745121045529633
-0.1267134407068395,-0.09760264886041632
-0.248031781627658,-0.24803178162765682
-0.2474269502557131,-0.24742629035802086
-0.2454286155260435,-0.24027507874581258
-0.2258899929555408,-0.22680771099966712
-0.2479209083648563,-0.24792120456560074
-0.0456858756564939,-0.05466213274162554
-0.0635302652571201,-0.08335677555250437
-0.2463390185202962,-0.24634012660453397
-0.2468070933240004,-0.24680761853073022
-0.2475381154814576,-0.24753683275172975
-0.2475035850892245,-0.24750502564937654
-0.248031781627658,-0.24803178162765682
-0.248031781627658,-0.24803178162765682
-0.2251480147198859,-0.21074603949034443
-0.2410222924712773,-0.24350175055406464
-0.2476899175409235,-0.24768907103716725
20.64395750879821,9.181165134838242
-0.2454022088157004,-0.24538414499023722
-0.248031781627658,-0.24803178162765682
-0.2455642899050447,-0.24556358623978577
2.314656748106245,2.1969357437576544
-0.2475034555864687,-0.2474927027813838
-0.2467649007472551,-0.2467584882868804
-0.0857035236470672,-0.06431638196021211
-0.2479810827562958,-0.24798117683894916
-0.2457153782764668,-0.2457062165876348
-0.248031781627658,-0.24803178162765682
-0.2478265632597406,-0.24782271687532906
-0.248003767078455,-0.24800344721792286
-0.248031781627658,-0.24803178162765682
1.1769975417072795,1.172584189491455
0.0378586313254167,-0.011079192926104186
-0.2476256068304725,-0.24762540197072155
-0.2473846128216188,-0.24738450452252828
0.9925549699027706,1.0917576979211914
-0.2095371118576691,-0.2083450909713835
0.8447260702743904,0.7880674078247253
-0.1481178570274225,-0.14150827321929685
-0.2474311758756023,-0.2474229389060412
-0.2467169979586593,-0.24670689560843148
-0.248031781627658,-0.24803178162765682
-0.2455836621170478,-0.24557249733122077
-0.2470486198604088,-0.2470431507098823
-0.2480029306626318,-0.24800291295615978
-0.248031781627658,-0.24803178162765682
0.1895515713408894,0.23953095273321665
-0.2479851628443589,-0.24798514783193212
-0.2479741323882227,-0.2479748586520155
3.5373134029532376,3.9079127864788923
-0.247237175899411,-0.24723780014050512
-0.2472137111668663,-0.24721070631269748
-0.246389508766623,-0.2463890197782678
-0.2349633025680322,-0.23467310744705594
-0.2460974734306742,-0.24635533143065008
-0.2473491617755419,-0.24734447327431766
-0.2472275303904192,-0.24722905517484595
-0.248031781627658,-0.24803178162765682
-0.2476234028599226,-0.24762353149953575
0.0059362848765338,0.000619942944457894
-0.2215057921454776,-0.22191251386895935
-0.2475664710353207,-0.24756580510449575
-0.2475870188718342,-0.2475881168103485
-0.2471625399253129,-0.24741878691678
-0.1026140054704184,-0.10264056792880183
-0.2447635632342867,-0.24533677432299508
-0.2478348302837251,-0.24782721334681088
-0.0526166696330148,-0.08049267802140322
-0.2378778651017409,-0.23182033720264905
-0.2479329461949563,-0.2479324711539704
-0.2291426232768852,-0.22497826871635007
-0.248031781627658,-0.24803178162765682
-0.2451028817550217,-0.24470552888443298
-0.2457039983376089,-0.24570356281191885
0.0134992525697064,0.0036620490987073827
-0.2476449247482482,-0.24764343719183746
-0.248031781627658,-0.24803178162765682
-0.2462522976478857,-0.24622774803787298
-0.248031781627658,-0.24803178162765682
-0.2435135464623694,-0.24413357855998663
-0.2466839397378435,-0.24667011942772635
0.2889800813006255,0.28480023424202305
-0.2460024836103229,-0.22891827663346756
-0.2465830926986049,-0.2463244537915266
-0.2467278811387908,-0.2467325397283201
-0.248031781627658,-0.24803178162765682
-0.00485726316057,-0.017812148728361354
0.0197111622410617,0.013537838222039723
-0.24342876810611,-0.2415542451129252
2.178990028422149,2.1381670636300196
-0.2464753844552281,-0.24647951906962612
-0.248031781627658,-0.24803178162765682
0.3672737077673886,0.3504074227392087
-0.245825705100858,-0.24471037805851495
-0.1156551484925255,-0.1365642284392473
0.4917641136443835,0.19129180393646938
-0.2112663481209313,-0.22014329363262453
-0.2480181859347591,-0.24801901583711292
-0.248031781627658,-0.24803178162765682
-0.248031781627658,-0.24803178162765682
0.3152568846946171,0.42557455476357925
1.0819088242961812,1.2096738093858685
-0.2287454631100858,-0.11428466564734195
-0.2088042070551948,-0.21484546521759465
-0.2477925525794662,-0.24779338283235575
-0.2476992057265817,-0.24769889726155486
-0.2469025757376255,-0.24690266120169255
-0.2470044512253923,-0.24700304103235948
2.087036177004951,4.035665105753034
-0.248031781627658,-0.24803178162765682
-0.248031781627658,-0.24803178162765682
-0.2473951204887188,-0.2473799779536969
-0.2476349350236292,-0.24763061868501318
-0.1867329518353876,-0.19252789275158694
-0.2474410644176458,-0.2474416440732297
0.632933466602591,0.6304038240528552
-0.1872817648613119,-0.1920019547998593
0.1439008139628449,0.16096910725196653
-0.2161955345492542,-0.22204057272053213
-0.248031781627658,-0.24803178162765682
-0.2464622881807578,-0.24646294879858907
-0.2474391362999785,-0.2438604450700182
-0.231563936845046,-0.22025689436240387
-0.2102999080758976,-0.20838284232051932
-0.0959045157132952,-0.0953092294540073
-0.0021224398777379,0.026377131081550074
-0.1209378576753748,-0.08767274411273386
-0.24747922657895,-0.24748179165795822
-0.2472549121091412,-0.24721009026082486
-0.2298838279045897,-0.23296389173172305
-0.2473974133213464,-0.2473937861709555
-0.0238980729152579,0.012287144210659705
-0.2477790860511534,-0.24777880653667603
-0.248031781627658,-0.24803178162765682
-0.2455158285628209,-0.24551140552942102
-0.2470843060614232,-0.2470322074234965
-0.2465617012075576,-0.2465621973489899
-0.24624960748224,-0.24625093763068204
-0.226238303281262,-0.23460201115595836
-0.248031781627658,-0.24803178162765685
-0.2473490530632445,-0.24732124191936797
-0.2300772919382098,-0.23307087660527512
-0.2452883983809078,-0.24525876011797407
-0.2460622200148955,-0.246058554997641
-0.133681571388512,0.4811340489406758
-0.248031781627658,-0.24803178162765682
0.255761936548688,0.19471397684242703
-0.2428922245572765,-0.2422722943486299
1.358339073386837,1.4156161215881815
-0.2472931464858558,-0.24729258977528953
-0.2472521112106729,-0.24724935564214104
-0.214276917827946,-0.19605284933698972
-0.1312963741581841,-0.13103738591148564
-0.248031781627658,-0.24803178162765682
-0.2444265781806426,-0.2444043445121222
-0.2234181614910573,-0.22815384860741328
-0.2458880424383206,-0.24588678463554645
-0.0825748079184664,-0.10274994792696437
-0.200797808780576,-0.19734273101124955
-0.2474082334127097,-0.24740729837947645
-0.248031781627658,-0.24803178162765682
0.1520536604924798,0.12645484201033447
-0.222847034041657,-0.20157728944563857
-0.2411119159566692,-0.24165124975291224
0.3372835163801378,0.337086899488555
-0.002376886630465,-0.018464862819438654
-0.2450341900995398,-0.24500965365632388
-0.2477371433800455,-0.2477369950762656
-0.0458136220753487,-0.059459273438531336
-0.025560366367057,0.0828872209653375
0.0668760705963872,0.04780980237295547
-0.2472702760066319,-0.2472694307659628
-0.2311986027902921,-0.2317259815699013
-0.0558598881401262,-0.05893465053573988
-0.2472788055966277,-0.2468974827585275
-0.248031781627658,-0.24803178162765682
-0.248031781627658,-0.24803178162765682
-0.247854410988723,-0.2478570867243423
-0.2238147866850099,-0.22711945878151896
-0.248031781627658,-0.24803178162765682
-0.2480225815257201,-0.24802278822428128
-0.2471411483954625,-0.24714223694332854
-0.038406781599335,-0.015523262945834504
-0.2092817273823208,-0.22627649210086676
-0.1127732953641431,-0.08163197610736715
-0.2479543971920668,-0.24795392129552632
0.3722558070265073,0.30209318114048456
-0.224476050377719,-0.22876631373137335
-0.2478816559285324,-0.24088749868385417
0.3617461553615562,0.39689428186085335
-0.2458792322026252,-0.2458651198084669
-0.248031781627658,-0.24803178162765682
-0.2411505112106708,-0.24095044537111313
-0.248031781627658,-0.24803178162765682
-0.2473340764020067,-0.24733440346917615
-0.248031781627658,-0.24803178162765682
-0.2476943391241506,-0.2476938287767816
-0.2430272695316056,-0.24206461083121616
-0.0073722372228624,-0.10007507335513761
-0.248031781627658,-0.24803178162765682
-0.247988611093036,-0.24798861009605108
-0.2471434465354348,-0.24714379875257628
-0.2458395428539048,-0.24583746540440274
-0.2430057649313652,-0.24274952090793608
-0.2457408055921178,-0.24645784024174616
-0.2132824383516334,-0.21637775283175728
-0.2467804702528562,-0.24677834055080466
-0.248031781627658,-0.24803178162765682
0.2973415688354093,0.16489421782224428
-0.248031781627658,-0.24803178162765682
-0.2475561139726982,-0.24755611591637972
-0.248031781627658,-0.24803178162765682
-0.2453946217933632,-0.2446191897016756
0.6439796024252619,1.1470737729429752
-0.0970711351069361,-0.08202886373528685
0.1942068571607964,0.0822019731667387
-0.2418603639449363,-0.24105859778772262
-0.2468678443093812,-0.24686868832204095
0.7773573591166578,0.7179160917381104
0.0523209358393519,-0.011436949202221025
0.2447809548690578,0.23395525768531605
-0.248031781627658,-0.24803178162765682
-0.2386589959788948,-0.23853282752185773
-0.2244931876270345,-0.23018163099114625
-0.2480277715132269,-0.24802761652143981
-0.2160065548971038,-0.21843111338463153
-0.248031781627658,-0.24803178162765682
-0.194792744062717,-0.19821822997105476
-0.2465041532049718,-0.2465029244904826
-0.2173648877836627,-0.2156758609131001
-0.1867225758649632,-0.1893048363988796
-0.2479392808290494,-0.2479397027288924
1.5125301012168773,1.6039610481743762
-0.2428448453030739,-0.2225515589185899
0.0708031910240596,0.07887315422142216
-0.2326015579545484,-0.2241287935761633
-0.2478797139708336,-0.24787659705252782
0.1526514965437186,0.161533604364777
-0.1754034390638125,-0.18368208932083482
-0.248031781627658,-0.24803178162765682
-0.2468278439834078,-0.24682724683675347
1.6562997696400554,1.5321239035318022
-0.2461627579040085,-0.24672095662243573
0.1104779576527749,0.11907394316700062
-0.2462286950030605,-0.24623245392243692
-0.040383960465968,-0.07545428570417806
-0.246714584438209,-0.24588817615069292
-0.1135701952826075,-0.11414813577123342
-0.0259133031816257,0.09120873748497259
-0.248031781627658,-0.24803178162765682
-0.2368948619218212,-0.23825987274311777
-0.2453117563844892,-0.245318846595417
-0.247882754990821,-0.2478822498749489
-0.248031781627658,-0.24803178162765682
0.037416931009419,0.21688138275399538
-0.248031781627658,-0.24803178162765682
-0.248031781627658,-0.24803178162765685
0.0053722661427261,0.017982046125352764
-0.2073337205663293,-0.20560832833488182
-0.1024478963062444,-0.10572437318833794
-0.247965063345075,-0.24796530588953103
-0.1317871753734788,-0.08091797942407068
-0.2476249370975356,-0.2476248938033345
1.0485869327920427,0.977697635280958
-0.2478700050252184,-0.24786944494325916
-0.145924907447128,-0.135878193585923
-0.2453881704833508,-0.2453911219334487
-0.2349259454636515,-0.2346314218246532
-0.248031781627658,-0.24803178162765682
-0.153681945802767,-0.130549393480528
0.0823416937235076,0.08700438498921181
-0.2418841935130761,-0.23904233849359596
0.7607559890479988,0.8128458062612032
-0.2478778529874508,-0.24786795173788775
-0.248031781627658,-0.24803178162765682
-0.1751164335035241,-0.18486817180516887
-0.2472790000254273,-0.2472786756498111
-0.2475348012281012,-0.24753618319988877
-0.248031781627658,-0.24803178162765682
-0.2375358130417076,-0.22757798419636202
-0.1906805100599319,-0.2009672492579651
-0.2474579274278394,-0.24745910498476792
-0.247338243538898,-0.247483388374944
-0.1940161845068444,-0.2061149679551542
-0.2448572103549691,-0.2448192469892657
-0.2473305043839197,-0.2473319028811936
0.2676027682038427,0.22549472911226195
-0.248031781627658,-0.24803178162765682
-0.2469321437892318,-0.24693319506416817
-0.2274736294140196,-0.2254998295011415
-0.1399308521337364,-0.1551423475228641
0.1366483077289129,0.14958705889351517
-0.248031781627658,-0.24803178162765682
-0.248031781627658,-0.24803178162765682
-0.247230957385244,-0.24723123817913986
-0.248031781627658,-0.24803178162765682
-0.1167921967322932,-0.12498981131932113
-0.2468477124591706,-0.2468508121378725
-0.2475025366083145,-0.2475013210258972
-0.0378961793754306,-0.06001015138463164
-0.2455536598891503,-0.24554782810326792
-0.248031781627658,-0.24803178162765682
-0.2461592038515004,-0.24614807640609984
-0.172038808575153,-0.15394252668986289
-0.245983371323311,-0.24597440490893116
-0.2472387841345501,-0.2472387044181575
-0.0830663027795346,-0.07347592993324016
-0.2402377275352211,-0.24263372380898637
-0.248031781627658,-0.24803178162765682
0.3064791512755788,0.24125482395502096
-0.2476061760374753,-0.24760208148895818
1.0631052077119778,1.1788405731583553
0.7710083209723325,0.6151907808309732
-0.2473234856353278,-0.2473236665359421
-0.1951067964834028,-0.19437231681230271
0.5536174454590594,0.9992327655649182
-0.2475491310628309,-0.2475499840068445
-0.2478894827074937,-0.2478900926006614
-0.2284180791998572,-0.2325202377708241
-0.2475952355687132,-0.24759228875292522
-0.248031781627658,-0.24803178162765682
-0.2349643393005224,-0.2341028303131243
-0.2448254083056616,-0.24354641065859958
-0.2146588642626554,-0.20481567534561676
-0.247982721443712,-0.2479823304508947
-0.2463002707022425,-0.24610239444258258
-0.2454866681926565,-0.24535323337767959
-0.243060424967634,-0.23013319571232813
-0.2252517629791951,-0.2288809346171638
-0.2477317459718928,-0.2477300790710492
-0.2476675836315886,-0.2476676225545554
-0.248031781627658,-0.24803178162765682
0.802494733040978,0.7404430478752216
0.332277292236969,0.4312156654512846
-0.2473070356531305,-0.24730161915396362
-0.248031781627658,-0.24803178162765682
-0.2273429155710349,-0.21702272501840247
-0.2472845177420486,-0.24728313099489987
-0.1933731238545871,-0.19202371606061808
-0.248031781627658,-0.24803178162765682
-0.2479804410905446,-0.24798066797305815
-0.2101966257804111,-0.181916101731871
-0.1791291789245491,-0.1860286975609538
-0.2466263577059332,-0.24662657393917242
-0.2476948139306494,-0.24769340184803723
-0.2464770159920639,-0.24647876079713477
-0.1556383376131219,-0.17040984031785783
-0.248031781627658,-0.24803178162765682
-0.248031781627658,-0.24803178162765682
-0.248031781627658,-0.24803178162765682
0.2151821999014645,0.09999014483070741
-0.0015933242799313,-0.05052399645816224
-0.2433511267639163,-0.2408515258807479
-0.248031781627658,-0.24803178162765682
-0.2452829377984975,-0.24556406141708303
-0.248031781627658,-0.24803178162765682
-0.2466053010927427,-0.2466055298266631
0.4026758879521532,0.4846063441185936
-0.2475456412329983,-0.24754471702895608
0.1882224912937314,0.28989651241739844
-0.0735950603674658,0.021868808487903128
-0.2465672944701609,-0.24497227733678836
-0.2447406733136059,-0.24310175297313383
0.6141753686236027,0.754419611336764
-0.2167724108719624,-0.20783306288303446
-0.1008707792202025,0.010178373541840863
4.849449739665665,5.674509261596907
-0.2407828175812839,-0.2383999272961502
-0.1229267903013037,-0.12591942577315435
-0.2439027267608398,-0.24274347552594314
-0.2479095088814142,-0.24790837610681446
-0.248031781627658,-0.24803178162765682
-0.248031781627658,-0.24803178162765682
-0.2476726936368283,-0.24767273901194206
-0.1830127273923249,-0.1917257641382794
-0.24259419820732,-0.2403309277630439
0.344586635756277,0.36679027699378247
-0.0406234070973138,-0.05261372803505452
-0.247800162082516,-0.247789883275889
-0.2007521689313353,-0.19783285739858333
-0.2478168244432375,-0.24781658428987732
-0.248031781627658,-0.24803178162765682
-0.1673415802909183,-0.1575136172579607
0.5638512615544801,0.634913156317417
-0.2479165263516174,-0.24791329194662093
-0.2474573010430474,-0.24745177052005013
0.8850038884087256,0.8914459297660207
-0.0137448407771044,-0.025171478763849932
-0.2458734283207987,-0.2458629084119096
-0.248031781627658,-0.24803178162765682
-0.1978470294785369,-0.2183741004615908
-0.0745407045594392,-0.06982786403556933
-0.243076498704618,-0.2418957331196814
-0.248031781627658,-0.24803178162765682
-0.2372370824715698,-0.23788817691067216
0.0101637790898363,-0.0006948624805156195
0.6519059927154165,0.6773593674867158
-0.2443866963460135,-0.24434033585678705
-0.248031781627658,-0.24803178162765682
-0.2216085836635452,-0.22123305006907024
-0.2476268345745113,-0.247625868548619
-0.240425989847525,-0.23561336598365856
-0.2027278916380945,-0.22246689468487063
-0.2263091488553545,-0.22524980067806008
-0.2466606579115916,-0.246658689681358
-0.2473930682805598,-0.24739032136659694
-0.1750603927096503,-0.2017915441113777
-0.248031781627658,-0.24803178162765682
-0.0732431260213771,-0.08029190651411175
-0.2450796206580846,-0.2423552264625541
-0.2477425503508307,-0.2476293666634682
0.1056125341096,0.1052044600923811
-0.2237424553444641,-0.2121087124169763
-0.2426281651400327,-0.24238813082049482
-0.248031781627658,-0.24803178162765682
-0.2453433661622857,-0.24532457692796045
-0.2467004188845533,-0.24670226509660315
-0.0695586617745559,-0.08137344397280273
-0.2474140135200625,-0.24740208702653413
-0.2477004448748788,-0.24769939438114996
-0.2098810446486436,-0.2133257142486114
0.0029156781579652,0.06308238164366718
-0.2477753355933736,-0.24777485505325345
-0.209104580924825,-0.18642351928399703
-0.248031781627658,-0.24803178162765682
-0.2470461894342634,-0.247041634491561
-0.2473898480766273,-0.24738991822919865
0.7796133860892637,0.8780057906784823
-0.0069567283294907,-0.018223869369119843
0.0293601829275977,0.05586205952066452
-0.2476485759169433,-0.24764785129605674
-0.2480240178628014,-0.24802332003527042
-0.2447543497290429,-0.24535041344766673
-0.248031781627658,-0.24803178162765682
0.1742941138010401,0.18376584251393774
-0.0290061511639494,0.14121795830159203
-0.248031781627658,-0.24803178162765682
-0.2478010612376847,-0.247801679623716
-0.2468611014740379,-0.24685703170965417
-0.2478265658208424,-0.24782616888918807
-0.1815110540214265,-0.19433741679413338
-0.248031781627658,-0.24803178162765682
-0.2477278163197224,-0.24772695827662464
-0.2476034738379801,-0.24760344813496524
-0.2465606382442963,-0.24656105539158968
0.0519225819850898,0.04172563499708608
-0.2396470705043003,-0.24136350377566337
-0.2474146713365882,-0.24741541527773842
0.6848028392885543,0.7382475287645814
0.087977014855187,-0.02075886058442624
-0.2419414889530133,-0.24101696104702444
-0.2473369725869175,-0.24733855511359376
-0.248031781627658,-0.24803178162765682
-0.2465699282249081,-0.2465696428130492
-0.2479996262420046,-0.24799884006472972
-0.248031781627658,-0.24803178162765682
-0.2478066390257481,-0.24750736695134334
-0.2479543274390091,-0.2479542036703929
-0.1636284713438825,-0.16845367420401697
-0.2479799914914062,-0.24798032909662127
-0.2464612216002661,-0.24646393301039932
-0.248031781627658,-0.24803178162765682
-0.248031781627658,-0.24803178162765682
-0.2470559884260989,-0.2470430182889337
-0.2457836419535293,-0.24578651844695634
-0.248031781627658,-0.24803178162765682
-0.248031781627658,-0.24803178162765682
0.1100792705423021,0.048435986491957746
-0.2458542003361199,-0.245536851816159
-0.2394066603267221,-0.23492155980363186
-0.2295408108535286,-0.22617549022265393
-0.1452588272007245,-0.1609230987221931
-0.2473100700105516,-0.24730925905227508
-0.2475777777574302,-0.2475766505345835
-0.224153428062777,-0.22476556690865035
-0.2172825284986213,-0.15517414174874428
-0.2475055918837203,-0.24750551326111117
1.06635309729873,1.126263486401316
0.235515411985847,0.2375953089534267
-0.2478509528692528,-0.24785113204288858
-0.0425987380707849,-0.017220002669060538
-0.24652941074027,-0.24652969841237216
-0.248031781627658,-0.24803178162765682
-0.2448140170260006,-0.2447867435632364
-0.2465526131771277,-0.24655311624564874
-0.248031781627658,-0.24803178162765682
-0.2475437265357899,-0.24754324295387284
-0.2474513980929965,-0.24745081983794034
-0.2445756565552375,-0.24453267507357532
-0.2333380243181272,-0.23405003019576148
-0.2472515520992526,-0.24725056533659068
-0.2476468105465525,-0.24329184074160903
-0.248031781627658,-0.24803178162765682
-0.2466812392365164,-0.2466766414171482
-0.0858832612888983,-0.05162007226267758
-0.1564047934094112,-0.049814284954063606
-0.0057035141568233,-0.03484188551579599
5.424344762188774,4.958522759201932
-0.2477642922338062,-0.2477635248615092
-0.2469690912323293,-0.2469949781723235
-0.2479963631939102,-0.24799645716193633
-0.2452779201309003,-0.24528085787222792
-0.2480121070552008,-0.2480115321402261
-0.1906661068054369,-0.19767265112002935
-0.2475473786934321,-0.2475382787088425
-0.2396508610169022,-0.24315826918947375
-0.2429627414506683,-0.2434616318589571
-0.2471966971528328,-0.2469548358890789
-0.2181704300700829,-0.21705842137982984
1.0362902190068592,1.1533834567067676
-0.2470117079861968,-0.24699740089038844
-0.1553427219517207,-0.15209763640323054
-0.2446493011626603,-0.24464825033909673
-0.248031781627658,-0.24803178162765682
-0.2478726656726023,-0.2478730946182635
-0.24788687011577,-0.2478870093790709
-0.2461956202829059,-0.24700125822793295
-0.2472131019118908,-0.2472122991875896
-0.2473201680084613,-0.24729520939493244
-0.056762391682536,-0.030846799261331867
-0.2438158957063222,-0.24208491209850933
-0.2466946087855661,-0.24620519560574083
0.0146060899440218,0.1269989099539606
-0.2442278118403113,-0.24422995055558094
-0.0127754145447349,-0.029825869962321613
-0.2462540857392603,-0.2467318079738455
-0.2324412109787762,-0.24128492833721776
-0.2469607626904855,-0.2469577303807907
-0.2400856626179702,-0.24084509919590358
-0.2267502149308756,-0.22524159834705063
-0.2479432292492696,-0.24794255538712776
-0.2478672088897594,-0.24786755841582056
-0.248031781627658,-0.24803178162765682
-0.183190925068916,-0.19222294003921792
-0.2478676468140859,-0.24786742377671156
-0.247033344186956,-0.2470331760369601
-0.1239658751933145,-0.1202501944750085
-0.0065978438716364,-0.0023585647046549404
-0.248031781627658,-0.24803178162765682
-0.2400547117965802,-0.22808102001684574
-0.195280146399217,-0.20707116249542568
-0.248031781627658,-0.24803178162765682
-0.2471324647476111,-0.2471320810932758
-0.1113167153308378,-0.10833680779941897
-0.2448224871809389,-0.24479127172641701
-0.246659908442895,-0.24602096173140078
-0.248031781627658,-0.24760273045328673
-0.2397708731359825,-0.22792017998922914
0.0647700546309041,0.08478901420933821
-0.2476547749142031,-0.2476554839754621
-0.2473982648113931,-0.24739330514755248
-0.248031781627658,-0.24803178162765682
-0.2470937764541081,-0.2470954805869168
-0.2186122627162036,-0.21535906688856268
-0.2479996460403185,-0.24799919232826234
-0.2169514712523892,-0.21860155821328825
-0.2477068143930226,-0.2477070497275181
-0.248031781627658,-0.24803178162765682
0.0117270461156086,-0.04453929838730446
-0.2465544651000452,-0.24596661341451231
0.0335525494389258,0.0581391544165714
-0.2102522248866423,-0.20147363995115825
-0.248031781627658,-0.24803178162765682
-0.2477842385260695,-0.24778352609172302
-0.2476036666768628,-0.2476041351637204
-0.2467319947161753,-0.24592336341432294
-0.2475088093578644,-0.24750769447156593
-0.2009945821181477,-0.20296913056510127
0.055573593297812,0.08695026302754806
0.2823524295360303,0.3581851364712019
0.0204274982558228,0.03940067714823923
-0.248016840125188,-0.24801617838107337
-0.2478386000312918,-0.2478384367803369
-0.247269728974622,-0.24726836069431943
0.1317425519707187,0.08085018916733937
-0.1176826972038721,-0.10103939701517717
-0.248031781627658,-0.24803178162765682
-0.2471587793562291,-0.24715867592001595
-0.248031781627658,-0.24803178162765682
-0.1478951570314704,-0.1381841700340616
-0.2452280100272125,-0.24523656628353233
-0.2465006607068834,-0.246068076038325
-0.2468018010645308,-0.2467931419222799
-0.2476841086054445,-0.2476843338822941
-0.2088099603257081,-0.21461502103905175
-0.2465453493015314,-0.24655372924545052
-0.248031781627658,-0.24803178162765682
-0.248031781627658,-0.24803178162765682
-0.2468501846605199,-0.24579879286574347
-0.2479637920249442,-0.2472377840808206
-0.2250772791180901,-0.2111389005390543
0.393943158447948,0.3732619245835079
-0.247607851247189,-0.24760872119084967
-0.2476428138587592,-0.24764262523761926
0.184153565714019,0.1563028587570748
-0.2447910629075818,-0.24193175915805443
-0.2372643520305624,-0.22495787900630312
-0.2469821235046642,-0.2469832001692581
-0.248031781627658,-0.24803178162765685
0.0151761733400323,0.010861963303328346
-0.246048184388123,-0.24604544129318728
-0.2464206611924779,-0.2453743251159114
-0.2473933617605957,-0.24739078982347465
0.3886608226493203,0.2985433736937129
0.0682764905315398,0.0867983757186398
-0.1847083577714997,-0.18857033323939684
0.0196602756102281,-0.025341918368513863
-0.2477459861496261,-0.24774564219650672
0.0056105133390631,0.004112296843682924
-0.1639131612969228,-0.16981119276652312
-0.2475687733011221,-0.24756909190799578
-0.2463117100551109,-0.24629086005598919
-0.1828218297894503,-0.19196125206363612
-0.2479646405233,-0.2479650837538708
0.9729585145967962,1.0011477602354928
-0.248031781627658,-0.24803178162765682
-0.1274369562222658,-0.13206433032461695
-0.1754035904284544,-0.18439602408342057
-0.248031781627658,-0.24803178162765682
-0.248031781627658,-0.24760513480468951
-0.248031781627658,-0.24803178162765682
-0.2428403895100134,-0.24347822482268494
-0.248031781627658,-0.24803178162765682
-0.248031781627658,-0.24790076744003742
-0.2448820146550456,-0.244865821883667
-0.248031781627658,-0.24803178162765685
-0.204948598222677,-0.21011624140218568
-0.2478593194126032,-0.24785839274855165
-0.1051832820281511,-0.07897563808309824
-0.2474857364407143,-0.24748499091003656
-0.19814016725671,-0.2024734363967162
-0.2424196161698873,-0.23997609964457883
-0.2471321490040376,-0.24712418922890408
-0.2462724356055551,-0.24586521423928978
6.222684305401205,6.790751895150467
-0.248031781627658,-0.24803178162765682
-0.2265797049292487,-0.22231304750161915
-0.2478061974214641,-0.24780579718976375
0.6534169500042448,0.8723843540058464
-0.0622857487076632,-0.060942440315170335
-0.2086089153553997,-0.18633564407026967
-0.1829085177726296,-0.18786749011503354
-0.1645818717382836,-0.16670413278368929
-0.2474091430055165,-0.24740958506164923
-0.248031781627658,-0.24803178162765682
-0.2470550929851723,-0.2470466706617273
-0.248031781627658,-0.24803178162765682
-0.248031781627658,-0.24803178162765682
0.013271997749265,0.030864430819418077
-0.1934691767556423,-0.19716403815639383
0.8858539474588583,0.878301955237927
-0.248031781627658,-0.24803178162765682
-0.247708027425117,-0.2477091892742992
-0.248031781627658,-0.24803178162765682
9.385358177742877,7.284920526299287
-0.2474166234014417,-0.22391703359572784
-0.2471757430336764,-0.24717685321459412
0.0499880292807016,0.042818960782300096
-0.2476461088166319,-0.24764752555014607
2.1877809031949456,1.826978679223252
-0.248031781627658,-0.24803178162765682
0.6146110691573019,0.6656745254342389
-0.248031781627658,-0.24803178162765685
-0.248031781627658,-0.24803178162765682
-0.2477399245878732,-0.24773972948497686
-0.246641230884108,-0.24664067831035616
0.4555999548286202,0.3599808144405999
-0.248031781627658,-0.24803178162765682
-0.2304455544866188,-0.21133054372195278
-0.2469863937353326,-0.24698606072481685
-0.247252852725622,-0.24724788185879107
-0.0737899490528817,-0.07997605916881453
-0.248031781627658,-0.24803178162765685
0.3776734347753831,0.2908089939207165
4.216769883531803,5.138130856247755
-0.248031781627658,-0.24803178162765682
-0.2475593212901329,-0.24755912538795283
-0.248031781627658,-0.24803178162765682
-0.2454787092596482,-0.2454674456221202
-0.1562372359908386,-0.20352558023045259
-0.2363533070015221,-0.23646468114302346
-0.2445983453779337,-0.24690945469593534
-0.2461636054980029,-0.2461597419258812
-0.2479245930489833,-0.24792476052293647
-0.248031781627658,-0.24803178162765682
-0.248031781627658,-0.24803178162765682
-0.202150354574577,-0.20864037858289947
-0.002988303836128,-0.09076979966463795
-0.0632693829259037,-0.0699537631000222
-0.248031781627658,-0.24803178162765682
-0.2475604894881165,-0.24756064959828997
-0.1122266671771845,-0.1150342782792441
-0.2288680233220998,-0.22794045143500263
-0.1871635561339017,-0.1755040161981916
-0.2445278555459537,-0.24448233968845376
-0.2478531232865427,-0.24785258038644134
0.142981840230409,0.16093994387308064
-0.2476018910886357,-0.2475991863509881
-0.2456458441407126,-0.24565806664902204
-0.2350672868097643,-0.2360870535930151
-0.1820179544792873,-0.17412947741452908
-0.248031781627658,-0.24803178162765682
-0.209292031971649,-0.2020110851476007
-0.2476445936945327,-0.24764098322326938
-0.246968793669987,-0.2469691898860714
-0.2337445049753285,-0.2218891411074693
-0.248031781627658,-0.24803178162765682
-0.2476020524786849,-0.24760153841699808
-0.248031781627658,-0.24803178162765682
2.6212785532461726,3.9611881545922176
-0.2074898286862823,-0.204523972593686
-0.2447730079731496,-0.2455577363037592
0.2436360397033572,0.2038924936364156
-0.247454673013056,-0.2474494488885819
-0.248031781627658,-0.24803178162765682
0.0721967941245474,0.0015994303565261504
-0.1726664950138334,-0.19011264203526743
-0.2448605079193546,-0.24483631111724513
-0.2472426215958119,-0.24626923451560112
0.4055896025239132,0.7715909158739268
-0.2473399358161261,-0.24733974714123685
0.5699199624147582,0.8643691054772488
-0.248031781627658,-0.24803178162765682
-0.2471072358585375,-0.2473089583003227
-0.2470723705581189,-0.24272403559861183
-0.2424198000246649,-0.24073663341070228
3.7783920526856463,5.549588630634761
0.3005201998684018,0.28289680209217793
-0.1761953765506436,-0.1559779564381858
-0.248031781627658,-0.24803178162765682
-0.2458244303639529,-0.23977950514175228
-0.248031781627658,-0.24803178162765682
0.1532550109661893,0.10558375055156301
-0.2473127532022985,-0.2473125840430922
-0.1059153004780237,-0.10423621684936815
-0.2463865450885067,-0.24638735573261364
-0.2477050025482622,-0.2477034214847465
-0.2194112979796949,-0.22505993831789958
0.1622507038408113,0.24020681000881244
-0.248031781627658,-0.24803178162765682
-0.248031781627658,-0.24803178162765682
1.7345633141652508,2.251629906612329
-0.2477850382268326,-0.2477359339928555
0.3627298853047381,0.3780938161235592
-0.243864898062961,-0.2432423262720551
-0.248031781627658,-0.24803178162765682
-0.2473815365425783,-0.24738022970061213
-0.248031781627658,-0.24803178162765682
-0.248031781627658,-0.24803178162765682
-0.2435673188010538,-0.24199134983928747
-0.0707376486067964,-0.06300089786589419
-0.1679400955855583,-0.13578474141602576
-0.248031781627658,-0.24803178162765682
-0.2466976702955396,-0.24510467227715854
-0.2470542495380528,-0.2470444327069815
-0.2466697889403197,-0.24640556813338774
-0.248031781627658,-0.24803178162765682
-0.2479248276200399,-0.24792479970707038
-0.18263116523688,-0.16643208077984936
-0.2480028412951195,-0.24800282291289744
-0.248031781627658,-0.24803178162765682
-0.2150935864567361,-0.21883323323162307
-0.248031781627658,-0.24803178162765685
-0.247934417228015,-0.2479346949794186
-0.2467567594999718,-0.24674916367300637
-0.248031781627658,-0.24803178162765682
-0.1561714303436749,-0.09433030864269494
-0.2467698036595137,-0.24676005178753627
0.8073474673078908,0.9925259533959742
-0.1111010004198932,-0.11520433114875905
-0.1551342102138827,-0.1377899327573764
-0.248031781627658,-0.24803178162765682
1.2392997071141043,1.193616770519836
-0.1381504970729251,-0.11969654655317463
-0.248031781627658,-0.24803178162765682
-0.0613691898022254,0.20522352618007184
-0.240100586475798,-0.24370104660158995
-0.2464756286916155,-0.2464746695213824
-0.1275454484474018,-0.14429174653160648
-0.235147908910325,-0.22834429103514478
-0.2479693061818777,-0.24796965239326765
0.8051798835632427,1.062166042796682
-0.2473020067797114,-0.24730311908644842
3.1776723489722483,3.2829494308466747
-0.248031781627658,-0.24803178162765682
-0.2229865828777487,-0.22200018484090642
-0.1262918386849523,-0.12764850453645993
-0.2450369919787553,-0.24559814660017157
-0.1209650289692588,-0.049298976381362936
-0.246458870788269,-0.24645951714659786
-0.1903722155804606,-0.1476743921255758
-0.2452897344625568,-0.24525427597089794
-0.0322179901651034,-0.028698941567903837
-0.2469922934062317,-0.24699399532984756
-0.248031781627658,-0.24803178162765682
-0.2475679262907883,-0.24756703935333024
-0.2478263622865527,-0.24782579624983622
-0.248031781627658,-0.24803178162765682
-0.2146511633822186,-0.21678983718122694
0.3918624008184145,0.36064010595902607
-0.2450555462361356,-0.24471208781177836
-0.2404097240302264,-0.2332002313863299
-0.1869553286484409,-0.19677536560099831
-0.1643594271252664,-0.1348493145648842
-0.248031781627658,-0.24803178162765682
-0.037239011233531,0.021338505809335096
-0.2475713369565361,-0.24757124974115086
-0.0991112202690423,-0.10100884294662336
-0.2474405073188431,-0.24744038427085713
0.478394865026775,0.42524748402028645
-0.2078738935418461,-0.19079435432538994
-0.2475211289840093,-0.24752036392857718
-0.2462196821748991,-0.24621751457690022
-0.2467713603249847,-0.24598343111405727
-0.232974386941231,-0.23106737742020422
-0.2080626885600839,-0.21597877896641454
-0.248031781627658,-0.24803178162765682
-0.0593953162801787,-0.05943602953424398
-0.248031781627658,-0.24803178162765685
-0.2478575841681325,-0.24785665270775817
2.2180399477252504,2.311589620785173
-0.248031781627658,-0.24803178162765682
-0.2426985114811063,-0.24364269318878995
-0.1750078140447847,-0.14740208334995888
-0.248031781627658,-0.24803178162765682
-0.2477949124927183,-0.24779502680741186
-0.0994236288996835,-0.09568479487472357
-0.1617006125519243,-0.18593059255146227
-0.2476420203722537,-0.24764205270843445
-0.248031781627658,-0.24803178162765682
-0.2362641934652542,-0.22912585290803847
-0.2472827539440145,-0.2472826010022426
-0.1513797460137561,-0.1630444782122895
-0.1476841707467082,-0.1861064966531759
0.0899014487340878,0.09857450140719941
-0.2454586417802595,-0.23645132043879521
-0.0159105990628324,0.05389285614523216
-0.2473667754564949,-0.24736569097514777
-0.2274013316856936,-0.2296195626177619
-0.1430842117002517,-0.14928827242200865
0.6028887255191187,0.5867002798563195
-0.2478907124430098,-0.24789136596171207
-0.248031781627658,-0.24803178162765685
-0.2477474128610337,-0.24774596434505874
-0.1466184465213975,-0.156927142842273
-0.0911870680810981,0.042540407719989355
-0.2427977191511671,-0.24297411496738502
-0.0499060561652413,-0.036252746337392464
-0.1098006507133331,-0.14143137096149694
-0.2404999841859246,-0.2388337472431335
-0.2476005874782373,-0.247601291708832
-0.2477540392435932,-0.2477543316058431
-0.1633370162202416,-0.16418298929613723
-0.2477897517483215,-0.24777763754120286
-0.1991453841543568,-0.21040182509044375
-0.248031781627658,-0.24803178162765682
-0.1793905191451732,-0.16973792582721248
-0.2467858968151105,-0.24678402723575604
-0.207972513132614,-0.20981275648366263
-0.2468079563455897,-0.2468093505432945
-0.2473919751022335,-0.24739079368205663
-0.2465629427598291,-0.2465624953987197
-0.2475018294144003,-0.24749523532186735
-0.2446287844210664,-0.2446164186225435
-0.2207969795332513,-0.22151108168821124
1.4883114947886795,1.5657550286346251
0.3472631359599046,0.4833026180461726
-0.2128496608712327,-0.20931814779234378
0.4774322633494087,0.442063121965921
-0.2479307405479004,-0.24792969698135633
0.706210701485383,0.8343048226753278
-0.2468968935809927,-0.24689744424466759
-0.2424698488518276,-0.24197927118102455
-0.2302387965095184,-0.2319961976597754
-0.2478876249347324,-0.24788713916470165
-0.1849903237991528,-0.19178001489178098
-0.2478168572579051,-0.24702263117782292
-0.2462207542977015,-0.24621759177507474
-0.0540579022567408,-0.08120711398907118
-0.1918022620748813,-0.19807773786439525
-0.2445947294956546,-0.24451796823797425
-0.248031781627658,-0.24803178162765682
-0.0833085562921361,-0.10302693639942907
-0.248031781627658,-0.24803178162765685
1.021000413613531,0.8623315026272277
-0.2474769667255482,-0.24742244714335446
-0.2466385928704249,-0.24663815528024752
-0.2142098674471688,-0.21596673865095248
1.2702799213656943,1.2188981879038676
0.0849017327453909,0.05526275420726396
-0.246373450112822,-0.24637287477830316
-0.2477049607409703,-0.247594794797862
-0.1651431184929301,-0.16987600656681007
0.6382506065342114,0.666320278349168
-0.246986649755244,-0.24215723301267442
-0.2470303344167147,-0.24697070230111173
-0.247662985872256,-0.24023573850600957
-0.2412549932478699,-0.24092610982398135
-0.24221562182876,-0.2229347796028563
-0.2447330721286235,-0.24479003050187004
-0.2459161565372286,-0.24590757514408373
-0.0728532261278508,-0.040520921184182435
-0.2021091096220195,-0.20456472165903886
0.3617036390551316,0.3939186829226675
-0.2475033905969199,-0.24750468249862922
-0.2457126127660613,-0.24571788693176036
-0.2342880825830674,-0.23829708414524656
0.6085271433057282,0.7180979743408603
-0.2471746718018472,-0.24717498234843763
-0.248031781627658,-0.24803178162765682
-0.24670034609481,-0.24689581458256835
-0.2467568080882302,-0.24675623364821456
-0.2433825754073788,-0.24406740860657325
-0.248031781627658,-0.24803178162765682
-0.248031781627658,-0.24803178162765682
0.5414868807825455,0.5479383750688975
-0.2467276023271641,-0.2459873185661867
-0.248031781627658,-0.24803178162765682
-0.2291897546785011,-0.22582206196594806
-0.1886431501266878,-0.18621136046259593
-0.248031781627658,-0.24803178162765682
-0.248031781627658,-0.24803178162765682
-0.248031781627658,-0.24803178162765682
-0.2473141260063981,-0.24727488690350125
-0.2457254714244973,-0.2406681244339034
-0.0307262812979833,0.04291530137397727
0.1179753971347625,0.1149649299472828
2.67782877059803,3.1705965480023584
15.15300060930642,11.128765086996463
-0.2477862764591895,-0.24778561212658284
-0.248031781627658,-0.24803178162765682
-0.2458964336958767,-0.2468020130803533
-0.2358700847157326,-0.236450876557741
-0.218573190677074,-0.21471337111879088
-0.0130032701948628,0.02897064257444133
-0.2383083067107266,-0.24245003768897824
0.6461459783243211,0.9984919730474284
-0.1415086364079758,-0.17659767021331196
-0.2101939940980873,-0.2123369719587901
-0.1847057617279394,-0.19014560424612978
7.134031180045346,7.602830823139623
-0.2479245020671582,-0.24792210636079737
-0.2455585993858781,-0.24554922123644882
-0.2479418526842596,-0.24794134444941968
-0.2476429806449772,-0.24641242692656765
-0.2479547770009042,-0.24795450221093024
-0.2469936330427549,-0.2468340666508771
-0.2472102084323053,-0.24720999137634003
-0.247281830266132,-0.24726067569257737
-0.2476194474192214,-0.24761988661397624
-0.2315646893614819,-0.23437263330921257
-0.248031781627658,-0.24803178162765682
-0.2467865869831781,-0.24678423996021873
-0.2478207460944068,-0.24782028915214516
0.7204076451753221,0.6088558887826706
-0.1451851104063838,-0.114714600837466
-0.2478460595800909,-0.2478463686349761
-0.2467356965469843,-0.24674314480684012
-0.248031781627658,-0.24803178162765682
-0.2474733579884748,-0.2474641319460591
-0.2468106670101855,-0.2468101824175801
-0.2478933042973004,-0.2478934867828875
-0.2474260912463033,-0.2474248257935661
-0.248031781627658,-0.24803178162765682
-0.248031781627658,-0.24803178162765682
-0.2332669585824621,-0.2330351502103041
-0.248031781627658,-0.24803178162765682
-0.2472361173265493,-0.22236794601824325
0.4625512530480317,0.17270372650716065
-0.247560564680373,-0.24756085811115924
-0.248031781627658,-0.24803178162765682
-0.2330818491839491,-0.23281633648815744
-0.2447623690392039,-0.2447304996232575
0.2899455309876592,0.22941113093829482
-0.248031781627658,-0.24803178162765682
-0.248031781627658,-0.24803178162765682
-0.2477974425267999,-0.2477965286708514
3.278412919503689,2.7085941559221225
-0.2470943558969132,-0.24709481380998555
-0.2241913847660923,-0.22770158894100023
-0.187635603769402,-0.1750432386895207
-0.248031781627658,-0.24803178162765682
-0.2460766764108422,-0.24606483595272433
-0.2405326027206243,-0.23362308781810318
-0.2479817967020012,-0.24798201670465736
0.0455768650029185,0.0453766624782885
-0.2473216194152143,-0.24732119377121356
-0.2285258283210651,-0.23270168988188117
-0.2477120245844472,-0.24771198445221398
-0.2287300534962031,-0.16274733045837514
-0.2476428652813109,-0.2476427012122895
-0.2466261960513797,-0.24662688122538123
-0.248031781627658,-0.24803178162765682
-0.2459204783586931,-0.24591167907045036
3.0971680130926127,2.9201991780810683
0.7746559126533683,0.7618904662385798
-0.248031781627658,-0.24803178162765682
-0.2479882591042591,-0.2479882542252005
0.0576239986977751,0.04881438922044703
-0.2018738478540587,-0.20058545771629305
-0.2244524368118909,-0.21209206812043294
-0.198457628226379,-0.20676906785045593
-0.2069384367915648,-0.20825314736785797
-0.2477985045104663,-0.2477973827484317
-0.1992374074948072,-0.2009807398041126
-0.248031781627658,-0.24803178162765682
-0.2214418960473981,-0.22306350460683103
-0.2429650220564284,-0.21215619324177942
-0.2478846965204734,-0.24788449597312787
-0.2455570659174758,-0.2456859528612366
-0.245280456173099,-0.2441167989821651
-0.228038726755694,-0.20216534464113933
0.83311915982016,0.772860646223651
0.550348924866666,0.6768919999046181
-0.0588165626186168,-0.05024563861281388
-0.1717994245707958,-0.1779839404676957
-0.0799002045768588,-0.06405204400291475
-0.248031781627658,-0.24803178162765682
-0.2475850829605107,-0.2475834483773312
-0.1509928797095325,-0.07353330483600382
-0.221746112277991,-0.2207056229545675
-0.168573487267798,-0.20422449478634924
-0.2233945490554996,-0.22796826274504522
-0.2472653243931397,-0.24705803818887137
-0.0788208977376223,-0.03563392965362418
0.2292164078144624,0.21021069293607847
-0.2457011827227865,-0.2457952800753362
-0.2398469295636897,-0.23681557204831474
-0.2014419873399551,-0.178709820130248
-0.2472701568515299,-0.24726993120342342
0.543498785512291,0.7110298120883088
